{"noiseKey":{"private":{"type":"Buffer","data":"wOmmhiWQGPlu2lh3dZ7OIE0iczbkR7smzim2jMTQl3o="},"public":{"type":"Buffer","data":"Lodo51frFWuj0CxKDMnwilwX2Gm16LNIJOpDHXoFewQ="}},"pairingEphemeralKeyPair":{"private":{"type":"Buffer","data":"6FNUrS0QrgGdeMn0hL5F1lkaSCY8huQGAC/GJ/EFv08="},"public":{"type":"Buffer","data":"+A+/3yGCqNKhUwfzsxhFRTrQ319OknHv7ZOui7OFfXY="}},"signedIdentityKey":{"private":{"type":"Buffer","data":"4H81xfDK9doegtH81yuceaghIDEOpfGQ4r0WOEwyi2M="},"public":{"type":"Buffer","data":"+9q24wkTMn1VMceYBw8mkxNywLelJ56UTNda1XmjOBk="}},"signedPreKey":{"keyPair":{"private":{"type":"Buffer","data":"CNWkm9QIjYrgjTxBmSpfAX5VCfu2c098PRwmhsQzh38="},"public":{"type":"Buffer","data":"rujGn3H70l9WnwVy+tf8W+oNS0GXpoL62X7VoL1JtUE="}},"signature":{"type":"Buffer","data":"68DDOLmMHJS6wVtyGXhXRBg/7xCme4p8jubx9V9qViwP8t2ogJqrXxfzQK+m+u2swIwm+w7/i876Ijp35Qz1Cw=="},"keyId":1},"registrationId":110,"advSecretKey":"GxOU2e27wuD5HonJwwsSqcu3fTFjXdVYhqhkCB9ILww=","processedHistoryMessages":[{"key":{"remoteJid":"212693031583@s.whatsapp.net","fromMe":true,"id":"33405416AA7E67DB7629A2BEEA77CF46"},"messageTimestamp":1709051025},{"key":{"remoteJid":"212693031583@s.whatsapp.net","fromMe":true,"id":"DE1A3DA788428FA021C709051EC9B914"},"messageTimestamp":1709051025}],"nextPreKeyId":31,"firstUnuploadedPreKeyId":31,"accountSyncCounter":1,"accountSettings":{"unarchiveChats":false},"deviceId":"5aRIQKCAT9OtnwLatdLthQ","phoneId":"9ec9133f-9951-419d-ae5c-9cd583ed46eb","identityId":{"type":"Buffer","data":"0/zh/m46F/szxEqqC4mzJQPjFgQ="},"registered":true,"backupToken":{"type":"Buffer","data":"gslapAIYNqQWdy4OPN5Wtepj350="},"registration":{},"pairingCode":"S8BA8GVX","me":{"id":"212693031583:1@s.whatsapp.net","name":"Moha"},"account":{"details":"CMrojAgQhZn4rgYYASAAKAA=","accountSignatureKey":"UbtFQs/T8bghedStIGmLzgF6tvav+zh0rTyHhspjkVg=","accountSignature":"mO4/SOK2TqFHoJI3krJ9E9a9z3kR+AJ21JqMFXHwRjIx0QqouRiSqfJSd/o1s2mUyRVWz6237bJwxNRBs3eMBg==","deviceSignature":"NVqtJZkdKHLpqfPlGKXpYVzc2Hd8VYuw6mZ4UI2zKYOl9XY/iuR/n+Go5jEjeFHrG1v0ejH2KtS6iokm+rAZAQ=="},"signalIdentities":[{"identifier":{"name":"212693031583:1@s.whatsapp.net","deviceId":0},"identifierKey":{"type":"Buffer","data":"BVG7RULP0/G4IXnUrSBpi84Berb2r/s4dK08h4bKY5FY"}}],"platform":"smba","lastAccountSyncTimestamp":1709051015,"myAppStateKeyId":"AAAAANhZ"}
